[{"model": "admin.logentry", "pk": 1, "fields": {"action_time": "2025-05-02T14:59:15.505Z", "user": 1, "content_type": 7, "object_id": "1", "object_repr": "Bobur", "action_flag": 1, "change_message": "[{\"added\": {}}]"}}, {"model": "admin.logentry", "pk": 2, "fields": {"action_time": "2025-05-02T15:04:10.075Z", "user": 1, "content_type": 11, "object_id": "1", "object_repr": "Shohrux", "action_flag": 1, "change_message": "[{\"added\": {}}]"}}, {"model": "admin.logentry", "pk": 3, "fields": {"action_time": "2025-05-02T15:04:14.158Z", "user": 1, "content_type": 10, "object_id": "1", "object_repr": "Individual", "action_flag": 1, "change_message": "[{\"added\": {}}]"}}, {"model": "admin.logentry", "pk": 4, "fields": {"action_time": "2025-05-02T15:05:34.409Z", "user": 1, "content_type": 8, "object_id": "1", "object_repr": "Xalilov Bobur", "action_flag": 1, "change_message": "[{\"added\": {}}]"}}, {"model": "admin.logentry", "pk": 5, "fields": {"action_time": "2025-05-02T15:05:47.375Z", "user": 1, "content_type": 9, "object_id": "1", "object_repr": "Xalilov Bobur - Individual", "action_flag": 1, "change_message": "[{\"added\": {}}]"}}, {"model": "admin.logentry", "pk": 6, "fields": {"action_time": "2025-05-02T16:43:37.388Z", "user": 1, "content_type": 4, "object_id": "2", "object_repr": "Xalilov_Bobur", "action_flag": 1, "change_message": "[{\"added\": {}}]"}}, {"model": "admin.logentry", "pk": 7, "fields": {"action_time": "2025-05-02T21:04:37.255Z", "user": 1, "content_type": 10, "object_id": "2", "object_repr": "PRo", "action_flag": 1, "change_message": "[{\"added\": {}}]"}}, {"model": "admin.logentry", "pk": 8, "fields": {"action_time": "2025-05-02T21:05:30.242Z", "user": 1, "content_type": 10, "object_id": "3", "object_repr": "Beginner", "action_flag": 1, "change_message": "[{\"added\": {}}]"}}, {"model": "admin.logentry", "pk": 9, "fields": {"action_time": "2025-05-02T21:06:12.786Z", "user": 1, "content_type": 9, "object_id": "2", "object_repr": "Xalilov Bobur - PRo", "action_flag": 1, "change_message": "[{\"added\": {}}]"}}, {"model": "admin.logentry", "pk": 10, "fields": {"action_time": "2025-05-02T22:16:21.541Z", "user": 1, "content_type": 9, "object_id": "1", "object_repr": "Xalilov Bobur - Individual", "action_flag": 2, "change_message": "[]"}}, {"model": "admin.logentry", "pk": 11, "fields": {"action_time": "2025-05-05T16:44:56.459Z", "user": 1, "content_type": 9, "object_id": "3", "object_repr": "Xalilov Bobur - Individual", "action_flag": 1, "change_message": "[{\"added\": {}}]"}}, {"model": "admin.logentry", "pk": 12, "fields": {"action_time": "2025-05-05T16:52:41.009Z", "user": 1, "content_type": 12, "object_id": "1", "object_repr": "xalilov -> Individual", "action_flag": 1, "change_message": "[{\"added\": {}}]"}}, {"model": "admin.logentry", "pk": 13, "fields": {"action_time": "2025-05-05T16:53:19.643Z", "user": 1, "content_type": 12, "object_id": "2", "object_repr": "Xalilov_Bobur -> PRo", "action_flag": 1, "change_message": "[{\"added\": {}}]"}}, {"model": "admin.logentry", "pk": 14, "fields": {"action_time": "2025-05-05T16:58:59.982Z", "user": 1, "content_type": 12, "object_id": "3", "object_repr": "xalilov -> Beginner", "action_flag": 1, "change_message": "[{\"added\": {}}]"}}, {"model": "admin.logentry", "pk": 15, "fields": {"action_time": "2025-05-05T17:27:12.912Z", "user": 1, "content_type": 10, "object_id": "4", "object_repr": "Middle", "action_flag": 1, "change_message": "[{\"added\": {}}]"}}, {"model": "admin.logentry", "pk": 16, "fields": {"action_time": "2025-05-05T19:34:33.335Z", "user": 1, "content_type": 13, "object_id": "1", "object_repr": "Individual - Tradinga kirib kelish", "action_flag": 1, "change_message": "[{\"added\": {}}]"}}, {"model": "admin.logentry", "pk": 17, "fields": {"action_time": "2025-05-05T19:47:26.550Z", "user": 1, "content_type": 13, "object_id": "2", "object_repr": "PRo - Salom trading", "action_flag": 1, "change_message": "[{\"added\": {}}]"}}, {"model": "admin.logentry", "pk": 18, "fields": {"action_time": "2025-05-05T20:27:52.176Z", "user": 1, "content_type": 11, "object_id": "2", "object_repr": "Xalilov Bobur", "action_flag": 1, "change_message": "[{\"added\": {}}]"}}, {"model": "admin.logentry", "pk": 19, "fields": {"action_time": "2025-05-05T20:40:31.600Z", "user": 1, "content_type": 11, "object_id": "1", "object_repr": "Shohrux", "action_flag": 2, "change_message": "[{\"changed\": {\"fields\": [\"Rasm\", \"Mutaxassislik\", \"Telegram profil\"]}}]"}}, {"model": "admin.logentry", "pk": 20, "fields": {"action_time": "2025-05-05T20:40:40.104Z", "user": 1, "content_type": 11, "object_id": "2", "object_repr": "Xalilov Bobur", "action_flag": 2, "change_message": "[{\"changed\": {\"fields\": [\"Rasm\"]}}]"}}, {"model": "admin.logentry", "pk": 21, "fields": {"action_time": "2025-05-05T20:42:17.213Z", "user": 1, "content_type": 10, "object_id": "4", "object_repr": "Middle", "action_flag": 3, "change_message": ""}}, {"model": "admin.logentry", "pk": 22, "fields": {"action_time": "2025-05-05T21:20:29.893Z", "user": 1, "content_type": 15, "object_id": "4", "object_repr": "xalilov - Individual", "action_flag": 1, "change_message": "[{\"added\": {}}]"}}, {"model": "admin.logentry", "pk": 23, "fields": {"action_time": "2025-05-06T22:51:11.905Z", "user": 1, "content_type": 16, "object_id": "1", "object_repr": "xalilov_boburjon", "action_flag": 2, "change_message": "[{\"changed\": {\"fields\": [\"Image\", \"Bio\"]}}]"}}, {"model": "admin.logentry", "pk": 24, "fields": {"action_time": "2025-05-07T21:56:16.041Z", "user": 1, "content_type": 13, "object_id": "3", "object_repr": "Individual - Trading 2-qism", "action_flag": 1, "change_message": "[{\"added\": {}}]"}}, {"model": "admin.logentry", "pk": 25, "fields": {"action_time": "2025-05-07T22:07:50.207Z", "user": 1, "content_type": 10, "object_id": "2", "object_repr": "PRo", "action_flag": 2, "change_message": "[{\"changed\": {\"fields\": [\"Image\"]}}]"}}, {"model": "admin.logentry", "pk": 26, "fields": {"action_time": "2025-05-07T22:38:54.991Z", "user": 1, "content_type": 18, "object_id": "1", "object_repr": "Professional", "action_flag": 1, "change_message": "[{\"added\": {}}]"}}, {"model": "admin.logentry", "pk": 27, "fields": {"action_time": "2025-05-07T22:39:05.174Z", "user": 1, "content_type": 18, "object_id": "2", "object_repr": "O'rta", "action_flag": 1, "change_message": "[{\"added\": {}}]"}}, {"model": "admin.logentry", "pk": 28, "fields": {"action_time": "2025-05-07T22:39:18.090Z", "user": 1, "content_type": 18, "object_id": "3", "object_repr": "Boshlang'ich", "action_flag": 1, "change_message": "[{\"added\": {}}]"}}, {"model": "admin.logentry", "pk": 29, "fields": {"action_time": "2025-05-07T22:39:41.349Z", "user": 1, "content_type": 17, "object_id": "1", "object_repr": "1chi kategoriya", "action_flag": 1, "change_message": "[{\"added\": {}}]"}}, {"model": "admin.logentry", "pk": 30, "fields": {"action_time": "2025-05-07T22:39:52.472Z", "user": 1, "content_type": 17, "object_id": "2", "object_repr": "2chi Kategoriya", "action_flag": 1, "change_message": "[{\"added\": {}}]"}}, {"model": "admin.logentry", "pk": 31, "fields": {"action_time": "2025-05-07T22:40:30.468Z", "user": 1, "content_type": 10, "object_id": "3", "object_repr": "Beginner", "action_flag": 2, "change_message": "[{\"changed\": {\"fields\": [\"Kategoriya\", \"Daraja\"]}}]"}}, {"model": "admin.logentry", "pk": 32, "fields": {"action_time": "2025-05-07T22:40:36.504Z", "user": 1, "content_type": 10, "object_id": "1", "object_repr": "Individual", "action_flag": 2, "change_message": "[{\"changed\": {\"fields\": [\"Kategoriya\", \"Daraja\"]}}]"}}, {"model": "admin.logentry", "pk": 33, "fields": {"action_time": "2025-05-07T22:40:51.948Z", "user": 1, "content_type": 17, "object_id": "3", "object_repr": "3chi Kategoriya", "action_flag": 1, "change_message": "[{\"added\": {}}]"}}, {"model": "admin.logentry", "pk": 34, "fields": {"action_time": "2025-05-07T22:41:00.193Z", "user": 1, "content_type": 10, "object_id": "1", "object_repr": "Individual", "action_flag": 2, "change_message": "[]"}}, {"model": "admin.logentry", "pk": 35, "fields": {"action_time": "2025-05-07T22:41:05.881Z", "user": 1, "content_type": 10, "object_id": "3", "object_repr": "Beginner", "action_flag": 2, "change_message": "[{\"changed\": {\"fields\": [\"Kategoriya\"]}}]"}}, {"model": "admin.logentry", "pk": 36, "fields": {"action_time": "2025-05-07T22:41:13.494Z", "user": 1, "content_type": 10, "object_id": "2", "object_repr": "PRo", "action_flag": 2, "change_message": "[{\"changed\": {\"fields\": [\"Kategoriya\", \"Daraja\"]}}]"}}, {"model": "admin.logentry", "pk": 37, "fields": {"action_time": "2025-05-15T12:54:32.181Z", "user": 1, "content_type": 10, "object_id": "4", "object_repr": "Gold", "action_flag": 1, "change_message": "[{\"added\": {}}]"}}, {"model": "admin.logentry", "pk": 38, "fields": {"action_time": "2025-05-15T12:57:28.325Z", "user": 1, "content_type": 10, "object_id": "5", "object_repr": "Gold", "action_flag": 1, "change_message": "[{\"added\": {}}]"}}, {"model": "admin.logentry", "pk": 39, "fields": {"action_time": "2025-05-15T12:57:50.077Z", "user": 1, "content_type": 10, "object_id": "4", "object_repr": "Gold", "action_flag": 3, "change_message": ""}}, {"model": "admin.logentry", "pk": 40, "fields": {"action_time": "2025-05-17T00:59:28.487Z", "user": 1, "content_type": 10, "object_id": "1", "object_repr": "Individual", "action_flag": 2, "change_message": "[{\"changed\": {\"fields\": [\"Image\"]}}]"}}, {"model": "admin.logentry", "pk": 41, "fields": {"action_time": "2025-05-17T00:59:36.684Z", "user": 1, "content_type": 10, "object_id": "2", "object_repr": "PRo", "action_flag": 2, "change_message": "[{\"changed\": {\"fields\": [\"Image\"]}}]"}}, {"model": "admin.logentry", "pk": 42, "fields": {"action_time": "2025-05-17T00:59:42.815Z", "user": 1, "content_type": 10, "object_id": "3", "object_repr": "Beginner", "action_flag": 2, "change_message": "[{\"changed\": {\"fields\": [\"Image\"]}}]"}}, {"model": "admin.logentry", "pk": 43, "fields": {"action_time": "2025-05-17T00:59:49.801Z", "user": 1, "content_type": 10, "object_id": "5", "object_repr": "Gold", "action_flag": 2, "change_message": "[{\"changed\": {\"fields\": [\"Image\"]}}]"}}, {"model": "admin.logentry", "pk": 44, "fields": {"action_time": "2025-05-17T01:00:42.969Z", "user": 1, "content_type": 10, "object_id": "1", "object_repr": "Individual", "action_flag": 2, "change_message": "[{\"changed\": {\"fields\": [\"Image\"]}}]"}}, {"model": "admin.logentry", "pk": 45, "fields": {"action_time": "2025-05-17T01:00:49.376Z", "user": 1, "content_type": 10, "object_id": "2", "object_repr": "PRo", "action_flag": 2, "change_message": "[{\"changed\": {\"fields\": [\"Image\"]}}]"}}, {"model": "admin.logentry", "pk": 46, "fields": {"action_time": "2025-05-17T01:00:55.562Z", "user": 1, "content_type": 10, "object_id": "3", "object_repr": "Beginner", "action_flag": 2, "change_message": "[{\"changed\": {\"fields\": [\"Image\"]}}]"}}, {"model": "admin.logentry", "pk": 47, "fields": {"action_time": "2025-05-17T01:01:03.140Z", "user": 1, "content_type": 10, "object_id": "5", "object_repr": "Gold", "action_flag": 2, "change_message": "[{\"changed\": {\"fields\": [\"Image\"]}}]"}}, {"model": "admin.logentry", "pk": 48, "fields": {"action_time": "2025-05-21T22:27:49.296Z", "user": 1, "content_type": 13, "object_id": "3", "object_repr": "Individual - Trading 2-qism", "action_flag": 2, "change_message": "[{\"changed\": {\"fields\": [\"Tavsif\", \"Video havolasi\"]}}]"}}, {"model": "admin.logentry", "pk": 49, "fields": {"action_time": "2025-05-21T22:28:23.623Z", "user": 1, "content_type": 13, "object_id": "2", "object_repr": "PRo - Trading ga kirib kelish 1-qism", "action_flag": 2, "change_message": "[{\"changed\": {\"fields\": [\"Dars nomi\", \"Video havolasi\"]}}]"}}, {"model": "admin.logentry", "pk": 50, "fields": {"action_time": "2025-05-21T22:28:44.143Z", "user": 1, "content_type": 13, "object_id": "1", "object_repr": "Individual - Tradinga kirib kelish", "action_flag": 2, "change_message": "[{\"changed\": {\"fields\": [\"Video havolasi\"]}}]"}}, {"model": "admin.logentry", "pk": 51, "fields": {"action_time": "2025-05-27T21:36:24.736Z", "user": 1, "content_type": 13, "object_id": "2", "object_repr": "PRo - Trading ga kirib kelish 1-qism", "action_flag": 2, "change_message": "[{\"changed\": {\"fields\": [\"Video havolasi\"]}}]"}}, {"model": "admin.logentry", "pk": 52, "fields": {"action_time": "2025-05-27T21:36:34.215Z", "user": 1, "content_type": 13, "object_id": "1", "object_repr": "Individual - Tradinga kirib kelish", "action_flag": 2, "change_message": "[{\"changed\": {\"fields\": [\"Video havolasi\"]}}]"}}, {"model": "admin.logentry", "pk": 53, "fields": {"action_time": "2025-05-27T21:36:39.716Z", "user": 1, "content_type": 13, "object_id": "3", "object_repr": "Individual - Trading 2-qism", "action_flag": 2, "change_message": "[{\"changed\": {\"fields\": [\"Video havolasi\"]}}]"}}, {"model": "admin.logentry", "pk": 54, "fields": {"action_time": "2025-05-27T21:37:01.262Z", "user": 1, "content_type": 13, "object_id": "1", "object_repr": "Individual - Tradinga 1-qism", "action_flag": 2, "change_message": "[{\"changed\": {\"fields\": [\"Dars nomi\", \"Video havolasi\"]}}]"}}, {"model": "admin.logentry", "pk": 55, "fields": {"action_time": "2025-05-29T02:14:11.902Z", "user": 1, "content_type": 9, "object_id": "3", "object_repr": "Xalilov Bobur - Individual", "action_flag": 3, "change_message": ""}}, {"model": "admin.logentry", "pk": 56, "fields": {"action_time": "2025-05-29T02:14:15.212Z", "user": 1, "content_type": 9, "object_id": "2", "object_repr": "Xalilov Bobur - PRo", "action_flag": 3, "change_message": ""}}, {"model": "admin.logentry", "pk": 57, "fields": {"action_time": "2025-05-29T02:14:18.677Z", "user": 1, "content_type": 9, "object_id": "1", "object_repr": "Xalilov Bobur - Individual", "action_flag": 3, "change_message": ""}}, {"model": "admin.logentry", "pk": 58, "fields": {"action_time": "2025-05-29T02:48:42.043Z", "user": 1, "content_type": 9, "object_id": "4", "object_repr": "Xalilov Bobur - Individual", "action_flag": 1, "change_message": "[{\"added\": {}}]"}}, {"model": "admin.logentry", "pk": 59, "fields": {"action_time": "2025-05-29T02:48:52.909Z", "user": 1, "content_type": 9, "object_id": "5", "object_repr": "Xalilov Bobur - PRo", "action_flag": 1, "change_message": "[{\"added\": {}}]"}}, {"model": "admin.logentry", "pk": 60, "fields": {"action_time": "2025-05-29T02:49:03.941Z", "user": 1, "content_type": 9, "object_id": "6", "object_repr": "Xalilov Bobur - Gold", "action_flag": 1, "change_message": "[{\"added\": {}}]"}}, {"model": "admin.logentry", "pk": 61, "fields": {"action_time": "2025-05-29T02:54:51.408Z", "user": 1, "content_type": 8, "object_id": "2", "object_repr": "xalilov_boburjon", "action_flag": 1, "change_message": "[{\"added\": {}}]"}}, {"model": "admin.logentry", "pk": 62, "fields": {"action_time": "2025-05-29T02:56:21.294Z", "user": 1, "content_type": 8, "object_id": "3", "object_repr": "xalilov_boburjon", "action_flag": 1, "change_message": "[{\"added\": {}}]"}}, {"model": "admin.logentry", "pk": 63, "fields": {"action_time": "2025-05-29T02:57:37.203Z", "user": 1, "content_type": 9, "object_id": "5", "object_repr": "Xalilov Bobur - PRo", "action_flag": 3, "change_message": ""}}, {"model": "admin.logentry", "pk": 64, "fields": {"action_time": "2025-05-29T18:49:17.297Z", "user": 1, "content_type": 11, "object_id": "2", "object_repr": "Asad Boxodirov", "action_flag": 2, "change_message": "[{\"changed\": {\"fields\": [\"To'liq ism\", \"Rasm\", \"Mutaxassislik\", \"Instagram profil\"]}}]"}}, {"model": "admin.logentry", "pk": 65, "fields": {"action_time": "2025-05-29T18:53:31.847Z", "user": 1, "content_type": 11, "object_id": "2", "object_repr": "Asad Baxodirov", "action_flag": 2, "change_message": "[{\"changed\": {\"fields\": [\"To'liq ism\", \"Rasm\"]}}]"}}, {"model": "admin.logentry", "pk": 66, "fields": {"action_time": "2025-05-29T18:56:46.716Z", "user": 1, "content_type": 11, "object_id": "3", "object_repr": "Joraev Umidjon", "action_flag": 1, "change_message": "[{\"added\": {}}]"}}, {"model": "admin.logentry", "pk": 67, "fields": {"action_time": "2025-05-29T18:58:13.017Z", "user": 1, "content_type": 11, "object_id": "3", "object_repr": "Joraev Umidjon", "action_flag": 2, "change_message": "[{\"changed\": {\"fields\": [\"Telegram profil\"]}}]"}}, {"model": "admin.logentry", "pk": 68, "fields": {"action_time": "2025-05-29T19:09:22.381Z", "user": 1, "content_type": 11, "object_id": "1", "object_repr": "Shohrux Abduxalilov", "action_flag": 2, "change_message": "[{\"changed\": {\"fields\": [\"To'liq ism\", \"Rasm\", \"Mutaxassislik\"]}}]"}}, {"model": "admin.logentry", "pk": 69, "fields": {"action_time": "2025-05-29T19:13:53.791Z", "user": 1, "content_type": 10, "object_id": "5", "object_repr": "Gold", "action_flag": 2, "change_message": "[{\"changed\": {\"fields\": [\"Mentor\"]}}]"}}, {"model": "admin.logentry", "pk": 70, "fields": {"action_time": "2025-05-29T19:14:09.712Z", "user": 1, "content_type": 10, "object_id": "3", "object_repr": "Beginner", "action_flag": 2, "change_message": "[{\"changed\": {\"fields\": [\"Mentor\"]}}]"}}, {"model": "admin.logentry", "pk": 71, "fields": {"action_time": "2025-05-29T19:14:30.193Z", "user": 1, "content_type": 10, "object_id": "2", "object_repr": "PRo", "action_flag": 2, "change_message": "[{\"changed\": {\"fields\": [\"Mentor\"]}}]"}}, {"model": "admin.logentry", "pk": 72, "fields": {"action_time": "2025-05-29T19:17:44.468Z", "user": 1, "content_type": 11, "object_id": "3", "object_repr": "Joraev Umidjon", "action_flag": 2, "change_message": "[]"}}, {"model": "admin.logentry", "pk": 73, "fields": {"action_time": "2025-05-29T19:22:25.582Z", "user": 1, "content_type": 10, "object_id": "2", "object_repr": "PRo", "action_flag": 2, "change_message": "[{\"changed\": {\"fields\": [\"Mentor\"]}}]"}}, {"model": "admin.logentry", "pk": 74, "fields": {"action_time": "2025-05-29T19:22:39.874Z", "user": 1, "content_type": 10, "object_id": "5", "object_repr": "Gold", "action_flag": 2, "change_message": "[{\"changed\": {\"fields\": [\"Mentor\"]}}]"}}, {"model": "admin.logentry", "pk": 75, "fields": {"action_time": "2025-05-29T19:22:53.703Z", "user": 1, "content_type": 10, "object_id": "3", "object_repr": "Beginner", "action_flag": 2, "change_message": "[{\"changed\": {\"fields\": [\"Mentor\"]}}]"}}, {"model": "admin.logentry", "pk": 76, "fields": {"action_time": "2025-05-29T19:32:52.168Z", "user": 1, "content_type": 10, "object_id": "5", "object_repr": "Gold", "action_flag": 3, "change_message": ""}}, {"model": "admin.logentry", "pk": 77, "fields": {"action_time": "2025-05-29T19:44:51.206Z", "user": 1, "content_type": 9, "object_id": "8", "object_repr": "xalilov_boburjon - PRo", "action_flag": 1, "change_message": "[{\"added\": {}}]"}}, {"model": "admin.logentry", "pk": 78, "fields": {"action_time": "2025-05-29T22:17:15.826Z", "user": 1, "content_type": 19, "object_id": "1", "object_repr": "Ake.fx haqida", "action_flag": 1, "change_message": "[{\"added\": {}}]"}}, {"model": "admin.logentry", "pk": 79, "fields": {"action_time": "2025-05-29T22:19:45.185Z", "user": 1, "content_type": 19, "object_id": "2", "object_repr": "Ake.cyber", "action_flag": 1, "change_message": "[{\"added\": {}}]"}}, {"model": "admin.logentry", "pk": 80, "fields": {"action_time": "2025-05-29T22:37:22.307Z", "user": 1, "content_type": 19, "object_id": "1", "object_repr": "Ake.fx haqida", "action_flag": 2, "change_message": "[{\"changed\": {\"fields\": [\"Qo'shimcha sarlavha\", \"Bizning maqsadimiz\", \"Bizning vazifamiz\", \"Statistika\", \"Jamoa haqida\", \"Yangiliklar (HTML)\", \"Video URL\"]}}]"}}, {"model": "admin.logentry", "pk": 81, "fields": {"action_time": "2025-05-29T22:39:21.236Z", "user": 1, "content_type": 13, "object_id": "3", "object_repr": "Individual - Trading 2-qism", "action_flag": 3, "change_message": ""}}, {"model": "admin.logentry", "pk": 82, "fields": {"action_time": "2025-05-29T22:39:24.714Z", "user": 1, "content_type": 13, "object_id": "2", "object_repr": "PRo - Trading ga kirib kelish 1-qism", "action_flag": 3, "change_message": ""}}, {"model": "admin.logentry", "pk": 83, "fields": {"action_time": "2025-05-29T22:39:27.739Z", "user": 1, "content_type": 13, "object_id": "1", "object_repr": "Individual - Tradinga 1-qism", "action_flag": 3, "change_message": ""}}, {"model": "admin.logentry", "pk": 84, "fields": {"action_time": "2025-05-29T22:40:42.125Z", "user": 1, "content_type": 19, "object_id": "2", "object_repr": "Ake.cyber", "action_flag": 2, "change_message": "[{\"changed\": {\"fields\": [\"Qo'shimcha sarlavha\", \"Jamoa haqida\"]}}]"}}, {"model": "admin.logentry", "pk": 85, "fields": {"action_time": "2025-05-29T22:46:17.514Z", "user": 1, "content_type": 19, "object_id": "1", "object_repr": "Ake.fx haqida", "action_flag": 2, "change_message": "[{\"changed\": {\"fields\": [\"Statistika\"]}}]"}}, {"model": "admin.logentry", "pk": 86, "fields": {"action_time": "2025-05-29T22:50:56.430Z", "user": 1, "content_type": 19, "object_id": "2", "object_repr": "Ake.cyber", "action_flag": 2, "change_message": "[{\"changed\": {\"fields\": [\"Bizning maqsadimiz\", \"Bizning vazifamiz\", \"Statistika\", \"Jamoa haqida\", \"Yangiliklar (HTML)\", \"Video URL\"]}}]"}}, {"model": "admin.logentry", "pk": 87, "fields": {"action_time": "2025-05-29T22:57:03.189Z", "user": 1, "content_type": 19, "object_id": "1", "object_repr": "Ake.fx haqida", "action_flag": 2, "change_message": "[{\"changed\": {\"fields\": [\"Yangiliklar (HTML)\"]}}]"}}, {"model": "admin.logentry", "pk": 88, "fields": {"action_time": "2025-05-29T22:59:53.542Z", "user": 1, "content_type": 19, "object_id": "2", "object_repr": "Ake.cyber", "action_flag": 3, "change_message": ""}}, {"model": "admin.logentry", "pk": 89, "fields": {"action_time": "2025-05-29T23:06:12.690Z", "user": 1, "content_type": 20, "object_id": "1", "object_repr": "Ake.cyber", "action_flag": 1, "change_message": "[{\"added\": {}}]"}}, {"model": "admin.logentry", "pk": 90, "fields": {"action_time": "2025-05-29T23:08:29.414Z", "user": 1, "content_type": 20, "object_id": "2", "object_repr": "Yangi Mentor jamoamizga qo'shildi", "action_flag": 1, "change_message": "[{\"added\": {}}]"}}, {"model": "admin.logentry", "pk": 91, "fields": {"action_time": "2025-05-29T23:12:29.841Z", "user": 1, "content_type": 20, "object_id": "3", "object_repr": "Kursimizni bitirgan o'quvchi o'ziga shaxsiy avtomobil sotib oldi", "action_flag": 1, "change_message": "[{\"added\": {}}]"}}, {"model": "admin.logentry", "pk": 92, "fields": {"action_time": "2025-05-29T23:15:02.567Z", "user": 1, "content_type": 13, "object_id": "4", "object_repr": "Individual - Trading Forex 1-qism", "action_flag": 1, "change_message": "[{\"added\": {}}]"}}, {"model": "admin.logentry", "pk": 93, "fields": {"action_time": "2025-05-30T13:47:34.957Z", "user": 1, "content_type": 13, "object_id": "4", "object_repr": "Individual - Trading Forex 1-qism", "action_flag": 3, "change_message": ""}}, {"model": "admin.logentry", "pk": 94, "fields": {"action_time": "2025-05-30T13:55:10.893Z", "user": 1, "content_type": 13, "object_id": "1", "object_repr": "Trading Forex 1-qism", "action_flag": 1, "change_message": "[{\"added\": {}}]"}}, {"model": "admin.logentry", "pk": 95, "fields": {"action_time": "2025-05-30T13:56:11.611Z", "user": 1, "content_type": 13, "object_id": "1", "object_repr": "Trading Forex 1-qism", "action_flag": 2, "change_message": "[{\"changed\": {\"fields\": [\"Davomiyligi\"]}}]"}}, {"model": "admin.logentry", "pk": 96, "fields": {"action_time": "2025-05-30T13:58:23.795Z", "user": 1, "content_type": 13, "object_id": "1", "object_repr": "Trading Forex 1-qism", "action_flag": 2, "change_message": "[]"}}, {"model": "admin.logentry", "pk": 97, "fields": {"action_time": "2025-05-30T14:01:17.361Z", "user": 1, "content_type": 13, "object_id": "1", "object_repr": "Trading Forex 1-qism", "action_flag": 2, "change_message": "[{\"changed\": {\"fields\": [\"Video havolasi\"]}}]"}}, {"model": "admin.logentry", "pk": 98, "fields": {"action_time": "2025-05-30T14:02:22.832Z", "user": 1, "content_type": 13, "object_id": "2", "object_repr": "2-qism", "action_flag": 1, "change_message": "[{\"added\": {}}]"}}, {"model": "admin.logentry", "pk": 99, "fields": {"action_time": "2025-05-30T16:03:03.492Z", "user": 1, "content_type": 20, "object_id": "4", "object_repr": "Individual", "action_flag": 1, "change_message": "[{\"added\": {}}]"}}, {"model": "admin.logentry", "pk": 100, "fields": {"action_time": "2025-05-30T16:04:02.451Z", "user": 1, "content_type": 20, "object_id": "5", "object_repr": "Kursimizni bitirgan o'quvchi o'ziga shaxsiy avtomobil sotib oldi", "action_flag": 1, "change_message": "[{\"added\": {}}]"}}, {"model": "admin.logentry", "pk": 101, "fields": {"action_time": "2025-05-30T16:04:07.097Z", "user": 1, "content_type": 20, "object_id": "3", "object_repr": "Kursimizni bitirgan o'quvchi o'ziga shaxsiy avtomobil sotib oldi", "action_flag": 3, "change_message": ""}}, {"model": "admin.logentry", "pk": 102, "fields": {"action_time": "2025-05-30T16:11:30.042Z", "user": 1, "content_type": 20, "object_id": "5", "object_repr": "Kursimizni bitirgan o'quvchi o'ziga shaxsiy avtomobil sotib oldi", "action_flag": 2, "change_message": "[{\"changed\": {\"fields\": [\"To'liq matn\"]}}]"}}, {"model": "admin.logentry", "pk": 103, "fields": {"action_time": "2025-05-30T16:11:38.058Z", "user": 1, "content_type": 20, "object_id": "4", "object_repr": "Individual", "action_flag": 2, "change_message": "[{\"changed\": {\"fields\": [\"To'liq matn\"]}}]"}}, {"model": "admin.logentry", "pk": 104, "fields": {"action_time": "2025-05-30T16:11:43.119Z", "user": 1, "content_type": 20, "object_id": "2", "object_repr": "Yangi Mentor jamoamizga qo'shildi", "action_flag": 2, "change_message": "[{\"changed\": {\"fields\": [\"To'liq matn\"]}}]"}}, {"model": "admin.logentry", "pk": 105, "fields": {"action_time": "2025-05-30T16:11:55.238Z", "user": 1, "content_type": 20, "object_id": "1", "object_repr": "Ake.cyber", "action_flag": 2, "change_message": "[{\"changed\": {\"fields\": [\"To'liq matn\"]}}]"}}, {"model": "admin.logentry", "pk": 106, "fields": {"action_time": "2025-05-30T16:37:23.641Z", "user": 1, "content_type": 20, "object_id": "4", "object_repr": "Gold kursiga chegirma", "action_flag": 2, "change_message": "[{\"changed\": {\"fields\": [\"Yangilik sarlavhasi\", \"Rasm\"]}}]"}}, {"model": "admin.logentry", "pk": 107, "fields": {"action_time": "2025-05-30T16:37:42.185Z", "user": 1, "content_type": 20, "object_id": "4", "object_repr": "Gold kursiga chegirma", "action_flag": 2, "change_message": "[{\"changed\": {\"fields\": [\"Rasm\"]}}]"}}, {"model": "admin.logentry", "pk": 108, "fields": {"action_time": "2025-05-31T13:04:07.903Z", "user": 1, "content_type": 19, "object_id": "1", "object_repr": "Ake.fx haqida", "action_flag": 2, "change_message": "[{\"changed\": {\"fields\": [\"Video URL\"]}}]"}}, {"model": "admin.logentry", "pk": 109, "fields": {"action_time": "2025-05-31T13:07:22.836Z", "user": 1, "content_type": 19, "object_id": "1", "object_repr": "Ake.fx haqida", "action_flag": 2, "change_message": "[{\"changed\": {\"fields\": [\"Video URL\"]}}]"}}, {"model": "admin.logentry", "pk": 110, "fields": {"action_time": "2025-05-31T13:08:36.995Z", "user": 1, "content_type": 19, "object_id": "1", "object_repr": "Ake.fx haqida", "action_flag": 2, "change_message": "[{\"changed\": {\"fields\": [\"Statistika\"]}}]"}}, {"model": "admin.logentry", "pk": 111, "fields": {"action_time": "2025-05-31T13:12:34.597Z", "user": 1, "content_type": 19, "object_id": "1", "object_repr": "Ake.fx haqida", "action_flag": 2, "change_message": "[]"}}, {"model": "admin.logentry", "pk": 112, "fields": {"action_time": "2025-05-31T13:14:00.500Z", "user": 1, "content_type": 11, "object_id": "3", "object_repr": "Alisherovich Rustam", "action_flag": 2, "change_message": "[{\"changed\": {\"fields\": [\"To'liq ism\", \"Mutaxassislik\", \"Instagram profil\"]}}]"}}, {"model": "admin.logentry", "pk": 113, "fields": {"action_time": "2025-05-31T13:14:37.605Z", "user": 1, "content_type": 11, "object_id": "3", "object_repr": "Alisherovich Rustam", "action_flag": 2, "change_message": "[{\"changed\": {\"fields\": [\"Rasm\"]}}]"}}, {"model": "admin.logentry", "pk": 114, "fields": {"action_time": "2025-05-31T13:25:33.995Z", "user": 1, "content_type": 11, "object_id": "1", "object_repr": "Shohrux Abduxalilov", "action_flag": 2, "change_message": "[{\"changed\": {\"fields\": [\"Rasm\"]}}]"}}, {"model": "admin.logentry", "pk": 115, "fields": {"action_time": "2025-05-31T13:26:17.918Z", "user": 1, "content_type": 11, "object_id": "1", "object_repr": "Shohrux Abduxalilov", "action_flag": 2, "change_message": "[{\"changed\": {\"fields\": [\"Rasm\"]}}]"}}, {"model": "admin.logentry", "pk": 116, "fields": {"action_time": "2025-05-31T13:26:54.567Z", "user": 1, "content_type": 11, "object_id": "1", "object_repr": "Shohrux Abduxalilov", "action_flag": 2, "change_message": "[{\"changed\": {\"fields\": [\"Rasm\"]}}]"}}, {"model": "admin.logentry", "pk": 117, "fields": {"action_time": "2025-05-31T13:27:09.198Z", "user": 1, "content_type": 11, "object_id": "1", "object_repr": "Shohrux Abduxalilov", "action_flag": 2, "change_message": "[{\"changed\": {\"fields\": [\"Rasm\"]}}]"}}, {"model": "admin.logentry", "pk": 118, "fields": {"action_time": "2025-05-31T13:27:35.943Z", "user": 1, "content_type": 11, "object_id": "2", "object_repr": "Asad Baxodirov", "action_flag": 2, "change_message": "[]"}}, {"model": "admin.logentry", "pk": 119, "fields": {"action_time": "2025-05-31T13:27:50.194Z", "user": 1, "content_type": 11, "object_id": "1", "object_repr": "Shohrux Abduxalilov", "action_flag": 2, "change_message": "[{\"changed\": {\"fields\": [\"Rasm\"]}}]"}}, {"model": "auth.permission", "pk": 1, "fields": {"name": "Can add log entry", "content_type": 1, "codename": "add_logentry"}}, {"model": "auth.permission", "pk": 2, "fields": {"name": "Can change log entry", "content_type": 1, "codename": "change_logentry"}}, {"model": "auth.permission", "pk": 3, "fields": {"name": "Can delete log entry", "content_type": 1, "codename": "delete_logentry"}}, {"model": "auth.permission", "pk": 4, "fields": {"name": "Can view log entry", "content_type": 1, "codename": "view_logentry"}}, {"model": "auth.permission", "pk": 5, "fields": {"name": "Can add permission", "content_type": 2, "codename": "add_permission"}}, {"model": "auth.permission", "pk": 6, "fields": {"name": "Can change permission", "content_type": 2, "codename": "change_permission"}}, {"model": "auth.permission", "pk": 7, "fields": {"name": "Can delete permission", "content_type": 2, "codename": "delete_permission"}}, {"model": "auth.permission", "pk": 8, "fields": {"name": "Can view permission", "content_type": 2, "codename": "view_permission"}}, {"model": "auth.permission", "pk": 9, "fields": {"name": "Can add group", "content_type": 3, "codename": "add_group"}}, {"model": "auth.permission", "pk": 10, "fields": {"name": "Can change group", "content_type": 3, "codename": "change_group"}}, {"model": "auth.permission", "pk": 11, "fields": {"name": "Can delete group", "content_type": 3, "codename": "delete_group"}}, {"model": "auth.permission", "pk": 12, "fields": {"name": "Can view group", "content_type": 3, "codename": "view_group"}}, {"model": "auth.permission", "pk": 13, "fields": {"name": "Can add user", "content_type": 4, "codename": "add_user"}}, {"model": "auth.permission", "pk": 14, "fields": {"name": "Can change user", "content_type": 4, "codename": "change_user"}}, {"model": "auth.permission", "pk": 15, "fields": {"name": "Can delete user", "content_type": 4, "codename": "delete_user"}}, {"model": "auth.permission", "pk": 16, "fields": {"name": "Can view user", "content_type": 4, "codename": "view_user"}}, {"model": "auth.permission", "pk": 17, "fields": {"name": "Can add content type", "content_type": 5, "codename": "add_contenttype"}}, {"model": "auth.permission", "pk": 18, "fields": {"name": "Can change content type", "content_type": 5, "codename": "change_contenttype"}}, {"model": "auth.permission", "pk": 19, "fields": {"name": "Can delete content type", "content_type": 5, "codename": "delete_contenttype"}}, {"model": "auth.permission", "pk": 20, "fields": {"name": "Can view content type", "content_type": 5, "codename": "view_contenttype"}}, {"model": "auth.permission", "pk": 21, "fields": {"name": "Can add session", "content_type": 6, "codename": "add_session"}}, {"model": "auth.permission", "pk": 22, "fields": {"name": "Can change session", "content_type": 6, "codename": "change_session"}}, {"model": "auth.permission", "pk": 23, "fields": {"name": "Can delete session", "content_type": 6, "codename": "delete_session"}}, {"model": "auth.permission", "pk": 24, "fields": {"name": "Can view session", "content_type": 6, "codename": "view_session"}}, {"model": "auth.permission", "pk": 25, "fields": {"name": "Can add contact", "content_type": 7, "codename": "add_contact"}}, {"model": "auth.permission", "pk": 26, "fields": {"name": "Can change contact", "content_type": 7, "codename": "change_contact"}}, {"model": "auth.permission", "pk": 27, "fields": {"name": "Can delete contact", "content_type": 7, "codename": "delete_contact"}}, {"model": "auth.permission", "pk": 28, "fields": {"name": "Can view contact", "content_type": 7, "codename": "view_contact"}}, {"model": "auth.permission", "pk": 29, "fields": {"name": "Can add student", "content_type": 8, "codename": "add_student"}}, {"model": "auth.permission", "pk": 30, "fields": {"name": "Can change student", "content_type": 8, "codename": "change_student"}}, {"model": "auth.permission", "pk": 31, "fields": {"name": "Can delete student", "content_type": 8, "codename": "delete_student"}}, {"model": "auth.permission", "pk": 32, "fields": {"name": "Can view student", "content_type": 8, "codename": "view_student"}}, {"model": "auth.permission", "pk": 33, "fields": {"name": "Can add review", "content_type": 9, "codename": "add_review"}}, {"model": "auth.permission", "pk": 34, "fields": {"name": "Can change review", "content_type": 9, "codename": "change_review"}}, {"model": "auth.permission", "pk": 35, "fields": {"name": "Can delete review", "content_type": 9, "codename": "delete_review"}}, {"model": "auth.permission", "pk": 36, "fields": {"name": "Can view review", "content_type": 9, "codename": "view_review"}}, {"model": "auth.permission", "pk": 37, "fields": {"name": "Can add course", "content_type": 10, "codename": "add_course"}}, {"model": "auth.permission", "pk": 38, "fields": {"name": "Can change course", "content_type": 10, "codename": "change_course"}}, {"model": "auth.permission", "pk": 39, "fields": {"name": "Can delete course", "content_type": 10, "codename": "delete_course"}}, {"model": "auth.permission", "pk": 40, "fields": {"name": "Can view course", "content_type": 10, "codename": "view_course"}}, {"model": "auth.permission", "pk": 41, "fields": {"name": "Can add mentor", "content_type": 11, "codename": "add_mentor"}}, {"model": "auth.permission", "pk": 42, "fields": {"name": "Can change mentor", "content_type": 11, "codename": "change_mentor"}}, {"model": "auth.permission", "pk": 43, "fields": {"name": "Can delete mentor", "content_type": 11, "codename": "delete_mentor"}}, {"model": "auth.permission", "pk": 44, "fields": {"name": "Can view mentor", "content_type": 11, "codename": "view_mentor"}}, {"model": "auth.permission", "pk": 45, "fields": {"name": "Can add course enrollment", "content_type": 12, "codename": "add_courseenrollment"}}, {"model": "auth.permission", "pk": 46, "fields": {"name": "Can change course enrollment", "content_type": 12, "codename": "change_courseenrollment"}}, {"model": "auth.permission", "pk": 47, "fields": {"name": "Can delete course enrollment", "content_type": 12, "codename": "delete_courseenrollment"}}, {"model": "auth.permission", "pk": 48, "fields": {"name": "Can view course enrollment", "content_type": 12, "codename": "view_courseenrollment"}}, {"model": "auth.permission", "pk": 49, "fields": {"name": "Can add lesson", "content_type": 13, "codename": "add_lesson"}}, {"model": "auth.permission", "pk": 50, "fields": {"name": "Can change lesson", "content_type": 13, "codename": "change_lesson"}}, {"model": "auth.permission", "pk": 51, "fields": {"name": "Can delete lesson", "content_type": 13, "codename": "delete_lesson"}}, {"model": "auth.permission", "pk": 52, "fields": {"name": "Can view lesson", "content_type": 13, "codename": "view_lesson"}}, {"model": "auth.permission", "pk": 53, "fields": {"name": "Can add completed lesson", "content_type": 14, "codename": "add_completedlesson"}}, {"model": "auth.permission", "pk": 54, "fields": {"name": "Can change completed lesson", "content_type": 14, "codename": "change_completedlesson"}}, {"model": "auth.permission", "pk": 55, "fields": {"name": "Can delete completed lesson", "content_type": 14, "codename": "delete_completedlesson"}}, {"model": "auth.permission", "pk": 56, "fields": {"name": "Can view completed lesson", "content_type": 14, "codename": "view_completedlesson"}}, {"model": "auth.permission", "pk": 57, "fields": {"name": "Can add order", "content_type": 15, "codename": "add_order"}}, {"model": "auth.permission", "pk": 58, "fields": {"name": "Can change order", "content_type": 15, "codename": "change_order"}}, {"model": "auth.permission", "pk": 59, "fields": {"name": "Can delete order", "content_type": 15, "codename": "delete_order"}}, {"model": "auth.permission", "pk": 60, "fields": {"name": "Can view order", "content_type": 15, "codename": "view_order"}}, {"model": "auth.permission", "pk": 61, "fields": {"name": "Can add profile", "content_type": 16, "codename": "add_profile"}}, {"model": "auth.permission", "pk": 62, "fields": {"name": "Can change profile", "content_type": 16, "codename": "change_profile"}}, {"model": "auth.permission", "pk": 63, "fields": {"name": "Can delete profile", "content_type": 16, "codename": "delete_profile"}}, {"model": "auth.permission", "pk": 64, "fields": {"name": "Can view profile", "content_type": 16, "codename": "view_profile"}}, {"model": "auth.permission", "pk": 65, "fields": {"name": "Can add Kategoriya", "content_type": 17, "codename": "add_category"}}, {"model": "auth.permission", "pk": 66, "fields": {"name": "Can change Kategoriya", "content_type": 17, "codename": "change_category"}}, {"model": "auth.permission", "pk": 67, "fields": {"name": "Can delete Kategoriya", "content_type": 17, "codename": "delete_category"}}, {"model": "auth.permission", "pk": 68, "fields": {"name": "Can view Kategoriya", "content_type": 17, "codename": "view_category"}}, {"model": "auth.permission", "pk": 69, "fields": {"name": "Can add Daraja", "content_type": 18, "codename": "add_level"}}, {"model": "auth.permission", "pk": 70, "fields": {"name": "Can change Daraja", "content_type": 18, "codename": "change_level"}}, {"model": "auth.permission", "pk": 71, "fields": {"name": "Can delete Daraja", "content_type": 18, "codename": "delete_level"}}, {"model": "auth.permission", "pk": 72, "fields": {"name": "Can view Daraja", "content_type": 18, "codename": "view_level"}}, {"model": "auth.permission", "pk": 73, "fields": {"name": "Can add About sahifa", "content_type": 19, "codename": "add_aboutpage"}}, {"model": "auth.permission", "pk": 74, "fields": {"name": "Can change About sahifa", "content_type": 19, "codename": "change_aboutpage"}}, {"model": "auth.permission", "pk": 75, "fields": {"name": "Can delete About sahifa", "content_type": 19, "codename": "delete_aboutpage"}}, {"model": "auth.permission", "pk": 76, "fields": {"name": "Can view About sahifa", "content_type": 19, "codename": "view_aboutpage"}}, {"model": "auth.permission", "pk": 77, "fields": {"name": "Can add Yangilik", "content_type": 20, "codename": "add_news"}}, {"model": "auth.permission", "pk": 78, "fields": {"name": "Can change Yangilik", "content_type": 20, "codename": "change_news"}}, {"model": "auth.permission", "pk": 79, "fields": {"name": "Can delete Yangilik", "content_type": 20, "codename": "delete_news"}}, {"model": "auth.permission", "pk": 80, "fields": {"name": "Can view Yangilik", "content_type": 20, "codename": "view_news"}}, {"model": "auth.user", "pk": 1, "fields": {"password": "pbkdf2_sha256$1000000$ekKYBKL2l4gkbmeEA7NMdl$7X2TqnrEJvQMvvqrdj+3mwC/JjMiTMHI/vwASO2BB9U=", "last_login": "2025-05-31T13:30:28.571Z", "is_superuser": true, "username": "xalilov", "first_name": "", "last_name": "", "email": "", "is_staff": true, "is_active": true, "date_joined": "2025-05-01T20:07:32.186Z", "groups": [], "user_permissions": []}}, {"model": "auth.user", "pk": 2, "fields": {"password": "pbkdf2_sha256$1000000$CemL0Kkhhe8UJ34a20JjIE$G2beXRwx9oYyJvWtZp0nNBpz4mCS9IEZSVgLK+gJXAU=", "last_login": "2025-05-29T02:53:26.881Z", "is_superuser": false, "username": "Xalilov_Bobur", "first_name": "Omadyor", "last_name": "G'aniyev", "email": "xalilovbobur056@gmail.com", "is_staff": false, "is_active": true, "date_joined": "2025-05-02T16:43:36.868Z", "groups": [], "user_permissions": []}}, {"model": "auth.user", "pk": 3, "fields": {"password": "pbkdf2_sha256$1000000$oRTxSRqrZaRfC58710VVWd$4ozhXncMEXbCSSh3Loj6bllBKP9IH5Cx23KKVGvOdXM=", "last_login": "2025-05-02T16:48:29.495Z", "is_superuser": false, "username": "xalilov_bobur07", "first_name": "", "last_name": "", "email": "xalilovbobur056@gmail.com", "is_staff": false, "is_active": true, "date_joined": "2025-05-02T16:48:28.139Z", "groups": [], "user_permissions": []}}, {"model": "auth.user", "pk": 4, "fields": {"password": "pbkdf2_sha256$1000000$DCGhadrdaPHC81ytcKAcjp$u2umcgoLYp7L9HHGjkIs5eZjaWuQgp1oRFRZkGBFtZE=", "last_login": "2025-05-02T21:19:39.079Z", "is_superuser": false, "username": "Xalilov_Bobur077", "first_name": "", "last_name": "", "email": "xalilovbobur056@gmail.com", "is_staff": false, "is_active": true, "date_joined": "2025-05-02T21:19:38.128Z", "groups": [], "user_permissions": []}}, {"model": "auth.user", "pk": 5, "fields": {"password": "pbkdf2_sha256$1000000$z3c9Bk8op8n83u2xBVmXQS$DbLgEug8IKWXtpQV9qDk6MJBJHLoK2I0Hd0Rcy8VOe4=", "last_login": "2025-06-01T19:20:24.472Z", "is_superuser": false, "username": "xalilov_boburjon", "first_name": "Bobur", "last_name": "Xalilov", "email": "alonecheat@gmail.com", "is_staff": false, "is_active": true, "date_joined": "2025-05-06T22:43:28.761Z", "groups": [], "user_permissions": []}}, {"model": "auth.user", "pk": 6, "fields": {"password": "pbkdf2_sha256$1000000$HiCm0v5YZ8NQQGMHH81S20$+p7+CKaa63wb3QqLG1uCAFzONVOOAzJaQnX9RVeCK+8=", "last_login": "2025-05-22T22:33:59.956Z", "is_superuser": false, "username": "sobirov", "first_name": "", "last_name": "", "email": "alisultonov239@gmail.com", "is_staff": false, "is_active": true, "date_joined": "2025-05-22T22:33:58.420Z", "groups": [], "user_permissions": []}}, {"model": "contenttypes.contenttype", "pk": 1, "fields": {"app_label": "admin", "model": "logentry"}}, {"model": "contenttypes.contenttype", "pk": 2, "fields": {"app_label": "auth", "model": "permission"}}, {"model": "contenttypes.contenttype", "pk": 3, "fields": {"app_label": "auth", "model": "group"}}, {"model": "contenttypes.contenttype", "pk": 4, "fields": {"app_label": "auth", "model": "user"}}, {"model": "contenttypes.contenttype", "pk": 5, "fields": {"app_label": "contenttypes", "model": "contenttype"}}, {"model": "contenttypes.contenttype", "pk": 6, "fields": {"app_label": "sessions", "model": "session"}}, {"model": "contenttypes.contenttype", "pk": 7, "fields": {"app_label": "main", "model": "contact"}}, {"model": "contenttypes.contenttype", "pk": 8, "fields": {"app_label": "main", "model": "student"}}, {"model": "contenttypes.contenttype", "pk": 9, "fields": {"app_label": "main", "model": "review"}}, {"model": "contenttypes.contenttype", "pk": 10, "fields": {"app_label": "main", "model": "course"}}, {"model": "contenttypes.contenttype", "pk": 11, "fields": {"app_label": "main", "model": "mentor"}}, {"model": "contenttypes.contenttype", "pk": 12, "fields": {"app_label": "main", "model": "courseenrollment"}}, {"model": "contenttypes.contenttype", "pk": 13, "fields": {"app_label": "main", "model": "lesson"}}, {"model": "contenttypes.contenttype", "pk": 14, "fields": {"app_label": "main", "model": "completedlesson"}}, {"model": "contenttypes.contenttype", "pk": 15, "fields": {"app_label": "main", "model": "order"}}, {"model": "contenttypes.contenttype", "pk": 16, "fields": {"app_label": "main", "model": "profile"}}, {"model": "contenttypes.contenttype", "pk": 17, "fields": {"app_label": "main", "model": "category"}}, {"model": "contenttypes.contenttype", "pk": 18, "fields": {"app_label": "main", "model": "level"}}, {"model": "contenttypes.contenttype", "pk": 19, "fields": {"app_label": "main", "model": "aboutpage"}}, {"model": "contenttypes.contenttype", "pk": 20, "fields": {"app_label": "main", "model": "news"}}, {"model": "sessions.session", "pk": "4kaa6sbqjcwmdr4my0gbzxpnbk5wbdca", "fields": {"session_data": "e30:1uBzKb:rVs97nn1ySwQzUigsfL3RNBxTp5sJcak2ubDDEb6wJU", "expire_date": "2025-05-19T17:10:17.060Z"}}, {"model": "sessions.session", "pk": "6cccbnyvdsblzg9r8lc1chpa8sif7tvf", "fields": {"session_data": ".eJxVjDsOwjAQBe_iGlnG8WKHkp4zWPsLDiBHipMKcXeIlALaNzPvZTKuS8lr0zmPYs7maA6_GyE_tG5A7lhvk-WpLvNIdlPsTpu9TqLPy-7-HRRs5Vt7iHxSIqDeJY5RKPQAgSM4BqABfEeaHKkXn6L0aQiIXWAhh5qQzPsD6Sc4lA:1uIFTy:dt-guepzBZD-bNNk7qubTsMELURP647Uuj1vjyOGYZ8", "expire_date": "2025-06-05T23:37:50.454Z"}}, {"model": "sessions.session", "pk": "a3kavb78xr0mt4zuj2oe0il79if2egej", "fields": {"session_data": ".eJxVjMsOwiAQRf-FtSEURh4u3fcbyEwHpGogKe3K-O_apAvd3nPOfYmI21ri1tMSZxYXcRan341weqS6A75jvTU5tbouM8ldkQftcmycntfD_Tso2Mu39kTGMA7WekPaAYJXOaDFpJkCOIQMKijnMYWstLMmoNEIjrU3dsji_QHauDdL:1uKQkx:iaNVNrcy2nX4WsWRZWFkiJMYJk7A-QLpMTts3Wr1iks", "expire_date": "2025-06-12T00:04:23.967Z"}}, {"model": "sessions.session", "pk": "bt3zxzffehp2zksaeoo3hlzoupdzo3sr", "fields": {"session_data": "e30:1uCQh2:XLN3NMKj44swrYBj9e-ds6tw6tAglr2Po0WMaUxxXHc", "expire_date": "2025-05-20T22:23:16.701Z"}}, {"model": "sessions.session", "pk": "bwl9wv7qqqg6cja9mosymg7ibcyhomhy", "fields": {"session_data": "e30:1uCQhO:op8dnXqCVSa45QYANA8KtOv5Sa7N4TlFpyYwGSF4OVA", "expire_date": "2025-05-20T22:23:38.692Z"}}, {"model": "sessions.session", "pk": "di1ag3q2wvfwxrhvlz39k0zlo42xq8e5", "fields": {"session_data": ".eJxVjMsOwiAQRf-FtSEURh4u3fcbyEwHpGogKe3K-O_apAvd3nPOfYmI21ri1tMSZxYXcRan341weqS6A75jvTU5tbouM8ldkQftcmycntfD_Tso2Mu39kTGMA7WekPaAYJXOaDFpJkCOIQMKijnMYWstLMmoNEIjrU3dsji_QHauDdL:1uKRUd:DpVMtOQsvdv-wVW59hoFNSmipotdEyWb0Q2FcVbzAzU", "expire_date": "2025-06-12T00:51:35.857Z"}}, {"model": "sessions.session", "pk": "ejafy69qp85w1nk0mhjuxwzbdbnqitu6", "fields": {"session_data": "e30:1uCQot:XWpxgkwoxdne-cmNxtLhMpwQQD-DENtDlabcsDFWdk4", "expire_date": "2025-05-20T22:31:23.159Z"}}, {"model": "sessions.session", "pk": "gm8vtf553mjo22pktzoiakc9ou363wm7", "fields": {"session_data": "e30:1uCQoK:msIxIqgQUCyLbTE85f26ABjhZ-HXB8hiJ1_NLwtQ-CM", "expire_date": "2025-05-20T22:30:48.484Z"}}, {"model": "sessions.session", "pk": "ha5iq8njssj4964t9eb6dj7mvu7vyln7", "fields": {"session_data": ".eJxVjMsOwiAQRf-FtSEURh4u3fcbyEwHpGogKe3K-O_apAvd3nPOfYmI21ri1tMSZxYXcRan341weqS6A75jvTU5tbouM8ldkQftcmycntfD_Tso2Mu39kTGMA7WekPaAYJXOaDFpJkCOIQMKijnMYWstLMmoNEIjrU3dsji_QHauDdL:1uHryE:pVcmQ6Q5UMMwjhKTAkiVvV-ToByz_PLvhs6DZaPfH0s", "expire_date": "2025-06-04T22:31:30.165Z"}}, {"model": "sessions.session", "pk": "k0a00bzokzn4qi334v0zdb4328ycxhuk", "fields": {"session_data": ".eJxVjMsOwiAQRf-FtSEURh4u3fcbyEwHpGogKe3K-O_apAvd3nPOfYmI21ri1tMSZxYXcRan341weqS6A75jvTU5tbouM8ldkQftcmycntfD_Tso2Mu39kTGMA7WekPaAYJXOaDFpJkCOIQMKijnMYWstLMmoNEIjrU3dsji_QHauDdL:1uKQIp:9D29Y5RgzmEuV8-rl4ccbjidHHDoQtc8yLEEHboq5ao", "expire_date": "2025-06-11T23:35:19.851Z"}}, {"model": "sessions.session", "pk": "nma6bvlqqwzor23cr0bwydikyhmeomrp", "fields": {"session_data": "e30:1uCQod:g9GP6_qGfI3fEeeZtjgt2Y994AQLogNrbIIo9a8bft4", "expire_date": "2025-05-20T22:31:07.544Z"}}, {"model": "sessions.session", "pk": "p8vfbge5yjx6vxf9kj0ld0kojlri73ey", "fields": {"session_data": "e30:1uCQhi:XgPAPxqWGCGhSo8MwjldHV0c0FAfzjtBA40owShSoDo", "expire_date": "2025-05-20T22:23:58.839Z"}}, {"model": "sessions.session", "pk": "pkd2i6k72e6apkw1fxjoxd4t7w9cuf1f", "fields": {"session_data": ".eJxVjMsOwiAQRf-FtSEURh4u3fcbyEwHpGogKe3K-O_apAvd3nPOfYmI21ri1tMSZxYXcRan341weqS6A75jvTU5tbouM8ldkQftcmycntfD_Tso2Mu39kTGMA7WekPaAYJXOaDFpJkCOIQMKijnMYWstLMmoNEIjrU3dsji_QHauDdL:1uK21h:hp3MGDUM6TPCyRs8r797ZqnQqIBUjCl4w44rwxMcW5g", "expire_date": "2025-06-10T21:40:01.968Z"}}, {"model": "sessions.session", "pk": "rj4hedo6pcqssdr7d0i8220jjpvg110v", "fields": {"session_data": ".eJxVjMsOwiAQRf-FtSEURh4u3fcbyEwHpGogKe3K-O_apAvd3nPOfYmI21ri1tMSZxYXcRan341weqS6A75jvTU5tbouM8ldkQftcmycntfD_Tso2Mu39kTGMA7WekPaAYJXOaDFpJkCOIQMKijnMYWstLMmoNEIjrU3dsji_QHauDdL:1uKRgT:rWXuOSJ-uk3gpmhoUs5MItAQ2AuVkL5eI9XXRy3E0pA", "expire_date": "2025-06-12T01:03:49.043Z"}}, {"model": "sessions.session", "pk": "stftwx5gf0r4it5hk8bc8hbdcaug5qxx", "fields": {"session_data": ".eJxVjMsOwiAQRf-FtSEURh4u3fcbyEwHpGogKe3K-O_apAvd3nPOfYmI21ri1tMSZxYXcRan341weqS6A75jvTU5tbouM8ldkQftcmycntfD_Tso2Mu39kTGMA7WekPaAYJXOaDFpJkCOIQMKijnMYWstLMmoNEIjrU3dsji_QHauDdL:1uLoEK:pUXLDduwX3FmB0rkTtKdoOPXK0fv0d2Ug1iINx5uUWI", "expire_date": "2025-06-15T19:20:24.513Z"}}, {"model": "sessions.session", "pk": "t9cd3de0es3bwfalc84ti15fn7ny9ldr", "fields": {"session_data": ".eJxVjMsOwiAQRf-FtSEURh4u3fcbyEwHpGogKe3K-O_apAvd3nPOfYmI21ri1tMSZxYXcRan341weqS6A75jvTU5tbouM8ldkQftcmycntfD_Tso2Mu39kTGMA7WekPaAYJXOaDFpJkCOIQMKijnMYWstLMmoNEIjrU3dsji_QHauDdL:1uKLd2:M2dbQdKtvsKML2QoJZezpM2vFwcaSYgbGa5r9quq3fY", "expire_date": "2025-06-11T18:35:52.664Z"}}, {"model": "sessions.session", "pk": "uwrfmusi3txcti5ncbgrxwkbxmkzr1xg", "fields": {"session_data": "e30:1uCQz0:mcMjgC8Bfgg-FWBKlhkNhjZQJUZ7eU-RIytfunZMLK0", "expire_date": "2025-05-20T22:41:50.610Z"}}, {"model": "sessions.session", "pk": "y3ns60anu1anxc5fwrpk9778fir5npfv", "fields": {"session_data": ".eJxVjMsOwiAQRf-FtSEURh4u3fcbyEwHpGogKe3K-O_apAvd3nPOfYmI21ri1tMSZxYXcRan341weqS6A75jvTU5tbouM8ldkQftcmycntfD_Tso2Mu39kTGMA7WekPaAYJXOaDFpJkCOIQMKijnMYWstLMmoNEIjrU3dsji_QHauDdL:1uIFW9:UFH0wjotJimSCkixy_uOW5ziGBuHW_IosqV79mHGpMU", "expire_date": "2025-06-05T23:40:05.867Z"}}, {"model": "sessions.session", "pk": "z6y0yiqrdkwakelwogdct7wxc5o2oxok", "fields": {"session_data": "e30:1uCQtQ:2yH_VQ8jub1S5poRXuxQYm3RaFnVA6SuHvK0rVP7IbI", "expire_date": "2025-05-20T22:36:04.180Z"}}, {"model": "main.mentor", "pk": 1, "fields": {"full_name": "Shohrux Abduxalilov", "bio": "What is Lorem Ipsum?\r\n\r\nLorem Ipsum is simply dummy text of the printing and typesetting industry. Lorem Ipsum has been the industry's standard dummy text ever since the 1500s, when an unknown printer took a galley of type and scrambled it to make a type specimen book. It has survived not only five centuries, but also", "image": "mentors/2025/05/31/images.jpg", "specialty": "Founder of Ake.fx", "instagram": "https://www.instagram.com/shokh.ake", "telegram": "https://www.instagram.com/ake__fx/"}}, {"model": "main.mentor", "pk": 2, "fields": {"full_name": "Asad Baxodirov", "bio": "Where does it come from?\r\n\r\nContrary to popular belief, Lorem Ipsum is not simply random text. It has roots in a piece of classical Latin literature from 45 BC, making it over 2000 years old. Richard McClintock, a Latin professor at Hampden-Sydney College in Virginia, looked up one of the more obscure Latin words, consectetur, from a Lorem Ipsum", "image": "mentors/2025/05/29/IMG_20250529_235210.jpg", "specialty": "Main Mentor ake.fx", "instagram": "https://www.instagram.com/asad__baxodirov/", "telegram": "https://www.instagram.com/ake__fx/"}}, {"model": "main.mentor", "pk": 3, "fields": {"full_name": "Alisherovich Rustam", "bio": "What is Lorem Ipsum?\r\n\r\nLorem Ipsum is simply dummy text of the printing and typesetting industry. Lorem Ipsum has been the industry's standard dummy text ever since the 1500s, when an unknown printer took a galley of type and scrambled it to make a type specimen book. It has survived not only five centuries, but also the leap into electronic typesetting, remaining essentially unchanged. It was popularised in the 1960s with the release of Letraset sheets containing Lorem Ipsum passages, and more recently with desktop publishing", "image": "mentors/2025/05/31/Screenshot_2025-05-31_181426.png", "specialty": "Ake.fx Direktor", "instagram": "https://www.instagram.com/alisherovich.rr/", "telegram": "https://www.instagram.com/ake__fx/"}}, {"model": "main.category", "pk": 1, "fields": {"name": "1chi kategoriya"}}, {"model": "main.category", "pk": 2, "fields": {"name": "2chi Kategoriya"}}, {"model": "main.category", "pk": 3, "fields": {"name": "3chi Kategoriya"}}, {"model": "main.level", "pk": 1, "fields": {"name": "Professional"}}, {"model": "main.level", "pk": 2, "fields": {"name": "O'rta"}}, {"model": "main.level", "pk": 3, "fields": {"name": "Boshlang'ich"}}, {"model": "main.course", "pk": 1, "fields": {"title": "Individual", "description": "What is Lorem Ipsum?\r\n\r\nLorem Ipsum is simply dummy text of the printing and typesetting industry. Lorem Ipsum has been the industry's standard dummy text ever since the 1500s, when an unknown printer took a galley of type and scrambled it to make a type specimen book. It has survived not only five centuries, but also the leap into", "price": "2000.00", "duration": "3oy", "image": "courses/Screenshot_2025-05-09_010205.png", "mentor": 1, "is_paid": true, "category": 1, "level": 1, "created_at": "2025-05-07T23:24:50.815Z"}}, {"model": "main.course", "pk": 2, "fields": {"title": "PRo", "description": "Where can I get some?\r\n\r\nThere are many variations of passages of Lorem Ipsum available, but the majority have suffered alteration in some form, by injected humour, or randomised words which don't look even slightly believable. If you are going to use a passage of Lorem Ipsum, you need to be sure there isn't anything embarrassing hidden in the middle of text. All the Lorem Ipsum generators on the Internet", "price": "1000.00", "duration": "2oy", "image": "courses/Screenshot_2025-05-09_010205_gacX6OW.png", "mentor": 1, "is_paid": true, "category": 2, "level": 2, "created_at": "2025-05-07T23:24:50.815Z"}}, {"model": "main.course", "pk": 3, "fields": {"title": "Beginner", "description": "Where can I get some?\r\n\r\nThere are many variations of passages of Lorem Ipsum available, but the majority have suffered alteration in some form, by injected humour, or randomised words which don't look even slightly believable. If you are going to use a passage of Lorem Ipsum, you need to be sure there isn't anything embarrassing hidden in the middle of text. All the Lorem Ipsum generators on the Internet", "price": "500.00", "duration": "2oy", "image": "courses/Screenshot_2025-05-09_010205_147KXJP.png", "mentor": 1, "is_paid": true, "category": 3, "level": 3, "created_at": "2025-05-07T23:24:50.815Z"}}, {"model": "main.courseenrollment", "pk": 1, "fields": {"user": 1, "course": 1, "enrolled_at": "2025-05-05T16:52:41.005Z"}}, {"model": "main.courseenrollment", "pk": 2, "fields": {"user": 2, "course": 2, "enrolled_at": "2025-05-05T16:53:19.639Z"}}, {"model": "main.courseenrollment", "pk": 3, "fields": {"user": 1, "course": 3, "enrolled_at": "2025-05-05T16:58:59.978Z"}}, {"model": "main.courseenrollment", "pk": 4, "fields": {"user": 1, "course": 2, "enrolled_at": "2025-05-05T18:56:24.833Z"}}, {"model": "main.courseenrollment", "pk": 6, "fields": {"user": 5, "course": 1, "enrolled_at": "2025-05-06T22:47:02.298Z"}}, {"model": "main.courseenrollment", "pk": 7, "fields": {"user": 5, "course": 2, "enrolled_at": "2025-05-07T01:17:50.103Z"}}, {"model": "main.courseenrollment", "pk": 8, "fields": {"user": 2, "course": 1, "enrolled_at": "2025-05-07T02:20:33.725Z"}}, {"model": "main.courseenrollment", "pk": 9, "fields": {"user": 5, "course": 3, "enrolled_at": "2025-05-08T15:00:46.151Z"}}, {"model": "main.courseenrollment", "pk": 10, "fields": {"user": 2, "course": 3, "enrolled_at": "2025-05-16T22:50:14.501Z"}}, {"model": "main.courseenrollment", "pk": 12, "fields": {"user": 6, "course": 1, "enrolled_at": "2025-05-22T22:34:41.402Z"}}, {"model": "main.student", "pk": 1, "fields": {"full_name": "Xalilov Bobur", "phone": "+998903012536", "email": "boburx204@gmail.com", "course": 1, "registered_at": "2025-05-02T15:05:34.403Z"}}, {"model": "main.student", "pk": 2, "fields": {"full_name": "xalilov_boburjon", "phone": "+998903012536", "email": "xalilovbobur056@gmail.com", "course": 1, "registered_at": "2025-05-29T02:54:51.405Z"}}, {"model": "main.student", "pk": 3, "fields": {"full_name": "xalilov_boburjon", "phone": "+998903012536", "email": "alonecheat@gmail.com", "course": null, "registered_at": "2025-05-29T02:56:21.289Z"}}, {"model": "main.review", "pk": 4, "fields": {"student": 1, "course": 1, "rating": 5, "comment": "What is Lorem Ipsum?\r\n\r\nLorem Ipsum is simply dummy text of the printing and typesetting industry. Lorem Ipsum has been the industry's standard dummy text ever since the 1500s, when an unknown printer took a galley of type and scrambled it to make a type specimen book. It has survived not only five centuries, but also the leap into electronic", "date": "2025-05-29T02:48:42.038Z"}}, {"model": "main.review", "pk": 7, "fields": {"student": 3, "course": 2, "rating": 1, "comment": "What is Lorem Ipsum?\r\n\r\nLorem Ipsum is simply dummy text of the printing and typesetting industry. Lorem Ipsum has been the industry's standard dummy text ever since the 1500s, when an unknown printer took a galley of type and scrambled it to make a type specimen book. It has survived not only five centuries, but also the leap into electronic", "date": "2025-05-29T02:56:45.345Z"}}, {"model": "main.review", "pk": 8, "fields": {"student": 2, "course": 2, "rating": 5, "comment": "Where can I get some?\r\n\r\nThere are many variations of passages of Lorem Ipsum available, but the majority have suffered alteration in some form, by injected humour, or randomised words which don't look even slightly believable. If you are going to use a passage of Lorem Ipsum, you need to be sure there isn't anything embarrassing hidden in the middle of text. All the Lorem Ipsum generators on the Internet tend to repeat predefined chunks as necessary, making this the first true generator on the Internet. It uses a dictionary of over 200 Latin words, combined with a handful of model sentence", "date": "2025-05-29T19:44:51.200Z"}}, {"model": "main.contact", "pk": 1, "fields": {"name": "Bobur", "email": "xalilovbobur056@gmail.com", "message": "Salom", "created_at": "2025-05-02T14:59:15.500Z"}}, {"model": "main.contact", "pk": 2, "fields": {"name": "Bobur", "email": "xalilovbobur056@gmail.com", "message": "Kurs narxi qancha", "created_at": "2025-05-02T15:07:00.940Z"}}, {"model": "main.contact", "pk": 3, "fields": {"name": "Telefonlar", "email": "alonecheat@gmail.com", "message": "Salom kurs narxi qancha", "created_at": "2025-05-08T15:03:09.491Z"}}, {"model": "main.contact", "pk": 4, "fields": {"name": "Telefonlar", "email": "boburx204@gmail.com", "message": "nvvjvjhjhkukuku", "created_at": "2025-05-12T23:27:20.866Z"}}, {"model": "main.contact", "pk": 5, "fields": {"name": "author", "email": "boburx204@gmail.com", "message": "salom", "created_at": "2025-05-15T11:56:02.329Z"}}, {"model": "main.contact", "pk": 6, "fields": {"name": "Bobur", "email": "xalilovbobur056@gmail.com", "message": "Assalomu alekum kurs narxi qancha", "created_at": "2025-05-28T18:38:56.165Z"}}, {"model": "main.contact", "pk": 7, "fields": {"name": "trading", "email": "alisultonov239@gmail.com", "message": "https://www.google.com/maps/place/%F0%9D%90%8D%F0%9D%90%84%F0%9D%90%94%F0%9D%90%92+%F0%9D%90%81%F0%9D%90%94%F0%9D%90%92%F0%9D%90%88%F0%9D%90%8D%F0%9D%90%84%F0%9D%90%92%F0%9D%90%92+%F0%9D%90%82%F0%9D%90%84%F0%9D%90%8D%F0%9D%90%93%F0%9D%90%84%F0%9D%90%91/@41.2748429,69.2227975,17.96z/data=!4m6!3m5!1s0x38ae8bc9ef78fe75:0x9aaccf8d92f889b4!8m2!3d41.2753919!4d69.2239089!16s%2Fg%2F11rtl9_zxy?hl=ru&entry=ttu&g_ep=EgoyMDI1MDUyNy4wIKXMDSoASAFQAw%3D%3D", "created_at": "2025-05-30T17:09:02.827Z"}}, {"model": "main.lesson", "pk": 1, "fields": {"course": 1, "title": "Trading Forex 1-qism", "description": "What is Lorem Ipsum?\r\n\r\nLorem Ipsum is simply dummy text of the printing and typesetting industry. Lorem Ipsum has been the industry's standard dummy text ever since the 1500s, when an unknown printer took a galley of type and scrambled it to make a type specimen book. It has survived not only five centuries, but also the leap into electronic typesetting, remaining essentially unchanged. It was popularised in the 1960s with the release of Letraset sheets containing Lorem", "video_url": "https://youtu.be/7WwzKTdaops?si=e-hoHKuoFZHPqD33", "duration": "10:00", "order": 1, "is_free": true, "created_at": "2025-05-30T13:55:10.891Z"}}, {"model": "main.lesson", "pk": 2, "fields": {"course": 1, "title": "2-qism", "description": "pulli", "video_url": "https://youtu.be/7WwzKTdaops?si=e-hoHKuoFZHPqD33", "duration": "15:00", "order": 2, "is_free": false, "created_at": "2025-05-30T14:02:22.829Z"}}, {"model": "main.order", "pk": 1, "fields": {"user": 1, "course": 1, "created_at": "2025-05-05T21:19:20.818Z", "is_paid": false}}, {"model": "main.order", "pk": 2, "fields": {"user": 1, "course": 1, "created_at": "2025-05-05T21:19:26.170Z", "is_paid": false}}, {"model": "main.order", "pk": 3, "fields": {"user": 1, "course": 2, "created_at": "2025-05-05T21:19:36.611Z", "is_paid": false}}, {"model": "main.order", "pk": 4, "fields": {"user": 1, "course": 1, "created_at": "2025-05-05T21:20:29.889Z", "is_paid": false}}, {"model": "main.order", "pk": 5, "fields": {"user": 1, "course": 1, "created_at": "2025-05-05T21:20:36.076Z", "is_paid": false}}, {"model": "main.order", "pk": 6, "fields": {"user": 1, "course": 2, "created_at": "2025-05-05T21:26:27.269Z", "is_paid": false}}, {"model": "main.order", "pk": 7, "fields": {"user": 5, "course": 2, "created_at": "2025-05-07T03:55:06.983Z", "is_paid": false}}, {"model": "main.order", "pk": 8, "fields": {"user": 5, "course": 2, "created_at": "2025-05-07T21:31:16.963Z", "is_paid": false}}, {"model": "main.order", "pk": 9, "fields": {"user": 5, "course": 2, "created_at": "2025-05-07T21:31:25.520Z", "is_paid": false}}, {"model": "main.order", "pk": 10, "fields": {"user": 5, "course": 2, "created_at": "2025-05-08T14:27:02.763Z", "is_paid": false}}, {"model": "main.order", "pk": 11, "fields": {"user": 1, "course": 2, "created_at": "2025-05-08T20:15:01.085Z", "is_paid": false}}, {"model": "main.order", "pk": 12, "fields": {"user": 5, "course": 1, "created_at": "2025-05-12T23:27:54.147Z", "is_paid": false}}, {"model": "main.order", "pk": 13, "fields": {"user": 5, "course": 1, "created_at": "2025-05-12T23:42:06.758Z", "is_paid": false}}, {"model": "main.order", "pk": 14, "fields": {"user": 5, "course": 2, "created_at": "2025-05-15T12:20:51.084Z", "is_paid": false}}, {"model": "main.order", "pk": 17, "fields": {"user": 5, "course": 2, "created_at": "2025-05-16T22:36:21.384Z", "is_paid": false}}, {"model": "main.order", "pk": 18, "fields": {"user": 5, "course": 1, "created_at": "2025-05-16T22:58:53.656Z", "is_paid": false}}, {"model": "main.order", "pk": 19, "fields": {"user": 1, "course": 2, "created_at": "2025-05-16T23:56:23.218Z", "is_paid": false}}, {"model": "main.order", "pk": 21, "fields": {"user": 5, "course": 2, "created_at": "2025-05-19T14:08:17.672Z", "is_paid": false}}, {"model": "main.order", "pk": 22, "fields": {"user": 5, "course": 1, "created_at": "2025-05-19T14:10:56.950Z", "is_paid": false}}, {"model": "main.order", "pk": 23, "fields": {"user": 5, "course": 2, "created_at": "2025-05-19T14:20:31.965Z", "is_paid": false}}, {"model": "main.order", "pk": 24, "fields": {"user": 5, "course": 1, "created_at": "2025-05-21T23:10:03.556Z", "is_paid": false}}, {"model": "main.order", "pk": 25, "fields": {"user": 5, "course": 1, "created_at": "2025-05-22T23:12:06.685Z", "is_paid": false}}, {"model": "main.order", "pk": 26, "fields": {"user": 5, "course": 2, "created_at": "2025-05-28T23:24:43.688Z", "is_paid": false}}, {"model": "main.order", "pk": 27, "fields": {"user": 5, "course": 1, "created_at": "2025-05-29T00:14:09.164Z", "is_paid": false}}, {"model": "main.order", "pk": 29, "fields": {"user": 1, "course": 2, "created_at": "2025-05-30T16:16:55.142Z", "is_paid": false}}, {"model": "main.order", "pk": 30, "fields": {"user": 5, "course": 1, "created_at": "2025-05-31T11:30:52.431Z", "is_paid": false}}, {"model": "main.profile", "pk": 1, "fields": {"user": 5, "image": "profile_images/Screenshot_2025-05-06_022615.png", "bio": "Ake.fx admin"}}, {"model": "main.profile", "pk": 2, "fields": {"user": 1, "image": "profile/default.jpg", "bio": "1"}}, {"model": "main.profile", "pk": 3, "fields": {"user": 2, "image": "profile_images/logo.png.png", "bio": ""}}, {"model": "main.profile", "pk": 4, "fields": {"user": 6, "image": "", "bio": "1"}}, {"model": "main.aboutpage", "pk": 1, "fields": {"title": "Ake.fx haqida", "subtitle": "Why do we use it?  It is a long established fact that a reader will be distracted by the readable content of a page when looking at its layout. T", "content": "Why do we use it?\r\n\r\nIt is a long established fact that a reader will be distracted by the readable content of a page when looking at its layout. The point of using Lorem Ipsum is that it has a more-or-less normal distribution of letters, as opposed to using 'Content here, content here', making it look like readable English. Many desktop publishing packages and web page editors now use Lorem Ipsum as their default model text, and a search for 'lorem ipsum' will uncover many web sites still in their infancy. Various versions have evolved over the years, sometimes by accident, sometimes on purpose (injected humour and the like).", "vision": "Why do we use it?\r\n\r\nIt is a long established fact that a reader will be distracted by the readable content of a page when looking at its layout. The point of using Lorem Ipsum is that it has a more-or-less normal distribution of letters, as opposed to", "mission": "Why do we use it?\r\n\r\nIt is a long established fact that a reader will be distracted by the readable content of a page when looking at its layout. The point of using Lorem Ipsum is that it has a more-or-less normal distribution of letters, as opposed to", "statistics": {"students": 1200, "courses": 10, "mentors": 6, "satisfaction": 98}, "team_title": "Bizning jamoa", "team_description": "Why do we use it?\r\n\r\nIt is a long established fact that a reader will be distracted by the readable content of a page when looking at its layout. The point of using Lorem Ipsum is that it has a more-or-less normal distribution of letters, as opposed to", "news_title": "Yangiliklar", "news": "<h4>Yangi kurslar qo'shildi</h4>\r\n<p>Lorem ipsum dolor sit amet...</p>\r\n<h4>Trading bo'yicha master-klass</h4>\r\n<p>Lorem ipsum dolor sit amet...</p>", "main_image": "about/header-bg.jpg", "video_url": "https://youtu.be/3XpuDxSYOv0?si=Am3si-F9m_qdn-BR", "updated_at": "2025-05-31T13:12:34.592Z"}}, {"model": "main.news", "pk": 1, "fields": {"title": "Ake.cyber", "short_text": "Why do we use it?\r\n\r\nIt is a long established fact that a reader will be distracted by the readable content of a page when looking at its layout. The point of using Lorem Ipsum is that it has a more-or-less normal distribution of letters, as opposed to using 'Content here, content here', making it look like readable English. Many desktop publishing packages and web page editors now use Lorem Ipsum as their default model text, and a search for 'lorem ipsum' will uncover many web sites still in their infancy. Various versions have evolved over the years, sometimes by accident, sometimes on purpose (injected humour and the like).", "content": "What is Lorem Ipsum?\r\n\r\nLorem Ipsum is simply dummy text of the printing and typesetting industry. Lorem Ipsum has been the industry's standard dummy text ever since the 1500s, when an unknown printer took a galley of type and scrambled it to make a type specimen book. It has survived not only five centuries, but also the leap into electronic typesetting, remaining essentially unchanged. It was popularised in the 1960s with the release of Letraset sheets containing Lorem Ipsum passages, and more recently with desktop publishing software like Aldus PageMaker including versions of Lorem Ipsum.\r\nWhy do we use it?\r\n\r\nIt is a long established fact that a reader will be distracted by the readable content of a page when looking at its layout. The point of using Lorem Ipsum is that it has a more-or-less normal distribution of letters, as opposed to using 'Content here, content here', making it look like readable English. Many desktop publishing packages and web page editors now use Lorem Ipsum as their default model text, and a search for 'lorem ipsum' will uncover many web sites still in their infancy. Various versions have evolved over the years, sometimes by accident, sometimes on purpose (injected humour and the like).\r\n\r\nWhere does it come from?\r\n\r\nContrary to popular belief, Lorem Ipsum is not simply random text. It has roots in a piece of classical Latin literature from 45 BC, making it over 2000 years old. Richard McClintock, a Latin professor at Hampden-Sydney College in Virginia, looked up one of the more obscure Latin words, consectetur, from a Lorem Ipsum passage, and going through the cites of the word in classical literature, discovered the undoubtable source. Lorem Ipsum comes from sections 1.10.32 and 1.10.33 of \"de Finibus Bonorum et Malorum\" (The Extremes of Good and Evil) by Cicero, written in 45 BC. This book is a treatise on the theory of ethics, very popular during the Renaissance. The first line of Lorem Ipsum, \"Lorem ipsum dolor sit amet..\", comes from a line in section 1.10.32.", "image": "news/Screenshot_2025-05-30_031932.png", "created_at": "2025-05-29T23:06:12.687Z"}}, {"model": "main.news", "pk": 2, "fields": {"title": "Yangi Mentor jamoamizga qo'shildi", "short_text": "Why do we use it?\r\n\r\nIt is a long established fact that a reader will be distracted by the readable content of a page when looking at its layout. The point of using Lorem Ipsum is that it has a more-or-less normal distribution of letters, as opposed to using 'Content here, content here', making it look like readable English. Many desktop", "content": "What is Lorem Ipsum?\r\n\r\nLorem Ipsum is simply dummy text of the printing and typesetting industry. Lorem Ipsum has been the industry's standard dummy text ever since the 1500s, when an unknown printer took a galley of type and scrambled it to make a type specimen book. It has survived not only five centuries, but also the leap into electronic typesetting, remaining essentially unchanged. It was popularised in the 1960s with the release of Letraset sheets containing Lorem Ipsum passages, and more recently with desktop publishing software like Aldus PageMaker including versions of Lorem Ipsum.\r\nWhy do we use it?\r\n\r\nIt is a long established fact that a reader will be distracted by the readable content of a page when looking at its layout. The point of using Lorem Ipsum is that it has a more-or-less normal distribution of letters, as opposed to using 'Content here, content here', making it look like readable English. Many desktop publishing packages and web page editors now use Lorem Ipsum as their default model text, and a search for 'lorem ipsum' will uncover many web sites still in their infancy. Various versions have evolved over the years, sometimes by accident, sometimes on purpose (injected humour and the like).\r\n\r\nWhere does it come from?\r\n\r\nContrary to popular belief, Lorem Ipsum is not simply random text. It has roots in a piece of classical Latin literature from 45 BC, making it over 2000 years old. Richard McClintock, a Latin professor at Hampden-Sydney College in Virginia, looked up one of the more obscure Latin words, consectetur, from a Lorem Ipsum passage, and going through the cites of the word in classical literature, discovered the undoubtable source. Lorem Ipsum comes from sections 1.10.32 and 1.10.33 of \"de Finibus Bonorum et Malorum\" (The Extremes of Good and Evil) by Cicero, written in 45 BC. This book is a treatise on the theory of ethics, very popular during the Renaissance. The first line of Lorem Ipsum, \"Lorem ipsum dolor sit amet..\", comes from a line in section 1.10.32.", "image": "news/IMG_20250529_235210.jpg", "created_at": "2025-05-29T23:08:29.411Z"}}, {"model": "main.news", "pk": 4, "fields": {"title": "Gold kursiga chegirma", "short_text": "Where does it come from?\r\n\r\nContrary to popular belief, Lorem Ipsum is not simply random text. It has roots in a piece of classical Latin literature from 45 BC, making it over 2000 years old. Richard McClintock, a Latin professor at Hampden-Sydney College in Virginia, looked up one of the more obscure Latin words, consectetur, from a Lorem Ipsum passage, and going through the cites of the word in classical literature, discovered the undoubtable source. Lorem Ipsum", "content": "What is Lorem Ipsum?\r\n\r\nLorem Ipsum is simply dummy text of the printing and typesetting industry. Lorem Ipsum has been the industry's standard dummy text ever since the 1500s, when an unknown printer took a galley of type and scrambled it to make a type specimen book. It has survived not only five centuries, but also the leap into electronic typesetting, remaining essentially unchanged. It was popularised in the 1960s with the release of Letraset sheets containing Lorem Ipsum passages, and more recently with desktop publishing software like Aldus PageMaker including versions of Lorem Ipsum.\r\nWhy do we use it?\r\n\r\nIt is a long established fact that a reader will be distracted by the readable content of a page when looking at its layout. The point of using Lorem Ipsum is that it has a more-or-less normal distribution of letters, as opposed to using 'Content here, content here', making it look like readable English. Many desktop publishing packages and web page editors now use Lorem Ipsum as their default model text, and a search for 'lorem ipsum' will uncover many web sites still in their infancy. Various versions have evolved over the years, sometimes by accident, sometimes on purpose (injected humour and the like).\r\n\r\nWhere does it come from?\r\n\r\nContrary to popular belief, Lorem Ipsum is not simply random text. It has roots in a piece of classical Latin literature from 45 BC, making it over 2000 years old. Richard McClintock, a Latin professor at Hampden-Sydney College in Virginia, looked up one of the more obscure Latin words, consectetur, from a Lorem Ipsum passage, and going through the cites of the word in classical literature, discovered the undoubtable source. Lorem Ipsum comes from sections 1.10.32 and 1.10.33 of \"de Finibus Bonorum et Malorum\" (The Extremes of Good and Evil) by Cicero, written in 45 BC. This book is a treatise on the theory of ethics, very popular during the Renaissance. The first line of Lorem Ipsum, \"Lorem ipsum dolor sit amet..\", comes from a line in section 1.10.32.", "image": "news/header-bg.jpg", "created_at": "2025-05-30T16:03:03.486Z"}}, {"model": "main.news", "pk": 5, "fields": {"title": "Kursimizni bitirgan o'quvchi o'ziga shaxsiy avtomobil sotib oldi", "short_text": "Where does it come from?\r\n\r\nContrary to popular belief, Lorem Ipsum is not simply random text. It has roots in a piece of classical Latin literature from 45 BC, making it over 2000 years old. Richard McClintock, a Latin professor at Hampden-Sydney College in Virginia, looked up one of the more obscure Latin words, consectetur, from a Lorem Ipsum passage, and going through the cites of the word in classical literature, discovered the undoubtable source. Lorem Ipsum", "content": "What is Lorem Ipsum?\r\n\r\nLorem Ipsum is simply dummy text of the printing and typesetting industry. Lorem Ipsum has been the industry's standard dummy text ever since the 1500s, when an unknown printer took a galley of type and scrambled it to make a type specimen book. It has survived not only five centuries, but also the leap into electronic typesetting, remaining essentially unchanged. It was popularised in the 1960s with the release of Letraset sheets containing Lorem Ipsum passages, and more recently with desktop publishing software like Aldus PageMaker including versions of Lorem Ipsum.\r\nWhy do we use it?\r\n\r\nIt is a long established fact that a reader will be distracted by the readable content of a page when looking at its layout. The point of using Lorem Ipsum is that it has a more-or-less normal distribution of letters, as opposed to using 'Content here, content here', making it look like readable English. Many desktop publishing packages and web page editors now use Lorem Ipsum as their default model text, and a search for 'lorem ipsum' will uncover many web sites still in their infancy. Various versions have evolved over the years, sometimes by accident, sometimes on purpose (injected humour and the like).\r\n\r\nWhere does it come from?\r\n\r\nContrary to popular belief, Lorem Ipsum is not simply random text. It has roots in a piece of classical Latin literature from 45 BC, making it over 2000 years old. Richard McClintock, a Latin professor at Hampden-Sydney College in Virginia, looked up one of the more obscure Latin words, consectetur, from a Lorem Ipsum passage, and going through the cites of the word in classical literature, discovered the undoubtable source. Lorem Ipsum comes from sections 1.10.32 and 1.10.33 of \"de Finibus Bonorum et Malorum\" (The Extremes of Good and Evil) by Cicero, written in 45 BC. This book is a treatise on the theory of ethics, very popular during the Renaissance. The first line of Lorem Ipsum, \"Lorem ipsum dolor sit amet..\", comes from a line in section 1.10.32.", "image": "news/Screenshot_2025-05-30_041103_8MmB50C.png", "created_at": "2025-05-30T16:04:02.444Z"}}]
